CTVA,2019/5/31,0.31,0.44,-29.54545455,2019-03-30T16:00:00,2019-06-30T16:00:00
AAP,2019/5/22,2.46,2.371,3.753690426,2019-03-30T16:00:00,2019-06-30T16:00:00
EFX,2019/5/10,1.2,1.201,-0.083263947,2019-03-30T16:00:00,2019-06-30T16:00:00
MAR ,2019/5/10,1.41,1.337,5.459985041,2019-03-30T16:00:00,2019-06-30T16:00:00
LIN ,2019/5/10,1.69,1.57,7.643312102,2019-03-30T16:00:00,2019-06-30T16:00:00
MTD ,2019/5/9,4.1,4.051,1.209577882,2019-03-30T16:00:00,2019-06-30T16:00:00
BKNG ,2019/5/9,11.17,11.324,-1.359943483,2019-03-30T16:00:00,2019-06-30T16:00:00
WYNN ,2019/5/9,1.61,1.583,1.705622236,2019-03-30T16:00:00,2019-06-30T16:00:00
AEE ,2019/5/9,0.78,0.681,14.53744493,2019-03-30T16:00:00,2019-06-30T16:00:00
NCLH ,2019/5/9,0.83,0.705,17.73049645,2019-03-30T16:00:00,2019-06-30T16:00:00
DUK ,2019/5/9,1.28,1.239,3.309120258,2019-03-30T16:00:00,2019-06-30T16:00:00
CNP ,2019/5/9,0.46,0.516,-10.85271318,2019-03-30T16:00:00,2019-06-30T16:00:00
PRGO ,2019/5/8,1.07,0.945,13.22751323,2019-03-30T16:00:00,2019-06-30T16:00:00
EVRG ,2019/5/8,0.44,0.406,8.374384236,2019-03-30T16:00:00,2019-06-30T16:00:00
XEC ,2019/5/8,1.2,1.352,-11.24260355,2019-03-30T16:00:00,2019-06-30T16:00:00
CTL ,2019/5/8,0.34,0.267,27.34082397,2019-03-30T16:00:00,2019-06-30T16:00:00
ALB ,2019/5/8,1.23,1.273,-3.377847604,2019-03-30T16:00:00,2019-06-30T16:00:00
CBRE ,2019/5/8,0.79,0.613,28.87438825,2019-03-30T16:00:00,2019-06-30T16:00:00
MPC ,2019/5/8,-0.09,0.05,-280,2019-03-30T16:00:00,2019-06-30T16:00:00
WU ,2019/5/7,0.39,0.428,-8.878504673,2019-03-30T16:00:00,2019-06-30T16:00:00
FLT ,2019/5/7,2.67,2.641,1.098068913,2019-03-30T16:00:00,2019-06-30T16:00:00
TRIP ,2019/5/7,0.36,0.315,14.28571429,2019-03-30T16:00:00,2019-06-30T16:00:00
DVA ,2019/5/7,0.91,0.931,-2.255639098,2019-03-30T16:00:00,2019-06-30T16:00:00
FANG ,2019/5/7,1.39,1.362,2.055800294,2019-03-30T16:00:00,2019-06-30T16:00:00
EXPD ,2019/5/7,0.8,0.832,-3.846153846,2019-03-30T16:00:00,2019-06-30T16:00:00
MYL ,2019/5/7,0.82,0.791,3.666245259,2019-03-30T16:00:00,2019-06-30T16:00:00
AGN ,2019/5/7,3.79,3.553,6.670419364,2019-03-30T16:00:00,2019-06-30T16:00:00
SRE ,2019/5/7,1.92,1.68,14.28571429,2019-03-30T16:00:00,2019-06-30T16:00:00
HSIC ,2019/5/7,0.8,0.759,5.401844532,2019-03-30T16:00:00,2019-06-30T16:00:00
REGN ,2019/5/7,4.45,5.706,-22.01191728,2019-03-30T16:00:00,2019-06-30T16:00:00
AES ,2019/5/7,0.28,0.299,-6.35451505,2019-03-30T16:00:00,2019-06-30T16:00:00
IT ,2019/5/7,0.58,0.527,10.056926,2019-03-30T16:00:00,2019-06-30T16:00:00
MOS ,2019/5/6,0.25,0.241,3.734439834,2019-03-30T16:00:00,2019-06-30T16:00:00
PXD ,2019/5/6,1.83,1.599,14.44652908,2019-03-30T16:00:00,2019-06-30T16:00:00
FMC ,2019/5/6,1.72,1.623,5.976586568,2019-03-30T16:00:00,2019-06-30T16:00:00
IFF ,2019/5/6,1.57,1.502,4.527296937,2019-03-30T16:00:00,2019-06-30T16:00:00
AIG ,2019/5/6,1.58,1.052,50.19011407,2019-03-30T16:00:00,2019-06-30T16:00:00
AIZ ,2019/5/6,2.33,2.153,8.221086856,2019-03-30T16:00:00,2019-06-30T16:00:00
RE ,2019/5/6,6.91,5.901,17.09879681,2019-03-30T16:00:00,2019-06-30T16:00:00
AMG ,2019/5/6,3.26,3.261,-0.03066544,2019-03-30T16:00:00,2019-06-30T16:00:00
OXY ,2019/5/5,0.84,0.733,14.59754434,2019-03-30T16:00:00,2019-06-30T16:00:00
BRK/A ,2019/5/4,3387.56,3399.097,-0.339413674,2019-03-30T16:00:00,2019-06-30T16:00:00
D ,2019/5/3,1.1,1.117,-1.521933751,2019-03-30T16:00:00,2019-06-30T16:00:00
CBOE ,2019/5/3,1.11,0.991,12.00807265,2019-03-30T16:00:00,2019-06-30T16:00:00
AMT ,2019/5/3,1.73,1.55,11.61290323,2019-03-30T16:00:00,2019-06-30T16:00:00
NBL ,2019/5/3,-0.09,-0.064,40.625,2019-03-30T16:00:00,2019-06-30T16:00:00
NWL ,2019/5/3,0.14,0.03,366.6666667,2019-03-30T16:00:00,2019-06-30T16:00:00
DISH ,2019/5/3,0.65,0.652,-0.306748466,2019-03-30T16:00:00,2019-06-30T16:00:00
XRAY ,2019/5/3,0.49,0.386,26.94300518,2019-03-30T16:00:00,2019-06-30T16:00:00
LNT ,2019/5/2,0.53,0.514,3.112840467,2019-03-30T16:00:00,2019-06-30T16:00:00
EOG ,2019/5/2,1.19,1.024,16.2109375,2019-03-30T16:00:00,2019-06-30T16:00:00
ED ,2019/5/2,1.39,1.364,1.906158358,2019-03-30T16:00:00,2019-06-30T16:00:00
FTNT ,2019/5/2,0.46,0.387,18.8630491,2019-03-30T16:00:00,2019-06-30T16:00:00
REG ,2019/5/2,0.95,0.956,-0.627615063,2019-03-30T16:00:00,2019-06-30T16:00:00
AIV ,2019/5/2,0.61,0.601,1.49750416,2019-03-30T16:00:00,2019-06-30T16:00:00
EXPE ,2019/5/2,-0.27,-0.369,-26.82926829,2019-03-30T16:00:00,2019-06-30T16:00:00
MSI ,2019/5/2,1.28,1.145,11.79039301,2019-03-30T16:00:00,2019-06-30T16:00:00
ATVI ,2019/5/2,0.31,0.257,20.62256809,2019-03-30T16:00:00,2019-06-30T16:00:00
FLS ,2019/5/2,0.41,0.341,20.23460411,2019-03-30T16:00:00,2019-06-30T16:00:00
FRT ,2019/5/2,1.56,1.558,0.128369705,2019-03-30T16:00:00,2019-06-30T16:00:00
ANET ,2019/5/2,2.31,2.07,11.5942029,2019-03-30T16:00:00,2019-06-30T16:00:00
CBS ,2019/5/2,1.37,1.367,0.219458669,2019-03-30T16:00:00,2019-06-30T16:00:00
MNST ,2019/5/2,0.49,0.424,15.56603774,2019-03-30T16:00:00,2019-06-30T16:00:00
CTSH ,2019/5/2,0.91,1.034,-11.99226306,2019-03-30T16:00:00,2019-06-30T16:00:00
GILD ,2019/5/2,1.76,1.607,9.520846297,2019-03-30T16:00:00,2019-06-30T16:00:00
K ,2019/5/2,1.01,0.948,6.540084388,2019-03-30T16:00:00,2019-06-30T16:00:00
PPL ,2019/5/2,0.7,0.725,-3.448275862,2019-03-30T16:00:00,2019-06-30T16:00:00
VMC ,2019/5/2,0.46,0.363,26.72176309,2019-03-30T16:00:00,2019-06-30T16:00:00
KIM ,2019/5/2,0.38,0.357,6.442577031,2019-03-30T16:00:00,2019-06-30T16:00:00
PEG ,2019/5/2,1.08,1.003,7.676969093,2019-03-30T16:00:00,2019-06-30T16:00:00
ICE ,2019/5/2,0.92,0.897,2.564102564,2019-03-30T16:00:00,2019-06-30T16:00:00
HII ,2019/5/2,2.85,3.228,-11.71003717,2019-03-30T16:00:00,2019-06-30T16:00:00
HBI ,2019/5/2,0.27,0.254,6.299212598,2019-03-30T16:00:00,2019-06-30T16:00:00
SPGI ,2019/5/2,2.11,2.134,-1.124648547,2019-03-30T16:00:00,2019-06-30T16:00:00
NRG ,2019/5/2,0.33,0.43,-23.25581395,2019-03-30T16:00:00,2019-06-30T16:00:00
MSCI ,2019/5/2,1.55,1.4,10.71428571,2019-03-30T16:00:00,2019-06-30T16:00:00
DISCA ,2019/5/2,0.87,0.796,9.296482412,2019-03-30T16:00:00,2019-06-30T16:00:00
ZTS ,2019/5/2,0.88,0.788,11.6751269,2019-03-30T16:00:00,2019-06-30T16:00:00
CHD ,2019/5/2,0.7,0.661,5.900151286,2019-03-30T16:00:00,2019-06-30T16:00:00
MAC ,2019/5/2,0.8,0.798,0.250626566,2019-03-30T16:00:00,2019-06-30T16:00:00
UAA ,2019/5/2,0.05,-0.001,-5100,2019-03-30T16:00:00,2019-06-30T16:00:00
XYL ,2019/5/2,0.52,0.564,-7.80141844,2019-03-30T16:00:00,2019-06-30T16:00:00
GPN ,2019/5/2,1.34,1.293,3.634957463,2019-03-30T16:00:00,2019-06-30T16:00:00
PWR ,2019/5/2,0.96,0.823,16.64641555,2019-03-30T16:00:00,2019-06-30T16:00:00
APTV ,2019/5/2,1.05,1.007,4.270109235,2019-03-30T16:00:00,2019-06-30T16:00:00
EXC ,2019/5/2,0.87,0.872,-0.229357798,2019-03-30T16:00:00,2019-06-30T16:00:00
TFX ,2019/5/2,2.24,2.126,5.362182502,2019-03-30T16:00:00,2019-06-30T16:00:00
HFC ,2019/5/2,0.54,0.385,40.25974026,2019-03-30T16:00:00,2019-06-30T16:00:00
DOW ,2019/5/2,0.83,0.916,-9.388646288,2019-03-30T16:00:00,2019-06-30T16:00:00
BLL ,2019/5/2,0.49,0.511,-4.109589041,2019-03-30T16:00:00,2019-06-30T16:00:00
DD ,2019/5/2,2.52,1.38,82.60869565,2019-03-30T16:00:00,2019-06-30T16:00:00
CI ,2019/5/2,3.9,3.744,4.166666667,2019-03-30T16:00:00,2019-06-30T16:00:00
APA ,2019/5/1,0.1,0.127,-21.25984252,2019-03-30T16:00:00,2019-06-30T16:00:00
ANSS ,2019/5/1,1.29,1.091,18.24014665,2019-03-30T16:00:00,2019-06-30T16:00:00
MRO ,2019/5/1,0.31,0.07,342.8571429,2019-03-30T16:00:00,2019-06-30T16:00:00
CF ,2019/5/1,0.27,0.352,-23.29545455,2019-03-30T16:00:00,2019-06-30T16:00:00
HST ,2019/5/1,0.48,0.444,8.108108108,2019-03-30T16:00:00,2019-06-30T16:00:00
ALL ,2019/5/1,2.3,2.252,2.131438721,2019-03-30T16:00:00,2019-06-30T16:00:00
MAA ,2019/5/1,1.58,1.509,4.705102717,2019-03-30T16:00:00,2019-06-30T16:00:00
PRU ,2019/5/1,3,3.144,-4.580152672,2019-03-30T16:00:00,2019-06-30T16:00:00
PSA ,2019/5/1,2.53,2.521,0.35700119,2019-03-30T16:00:00,2019-06-30T16:00:00
WMB ,2019/5/1,0.22,0.227,-3.083700441,2019-03-30T16:00:00,2019-06-30T16:00:00
ES ,2019/5/1,0.97,0.914,6.126914661,2019-03-30T16:00:00,2019-06-30T16:00:00
LNC ,2019/5/1,2.14,2.034,5.211406096,2019-03-30T16:00:00,2019-06-30T16:00:00
MET ,2019/5/1,1.48,1.272,16.35220126,2019-03-30T16:00:00,2019-06-30T16:00:00
PEAK ,2019/5/1,0.44,0.431,2.088167053,2019-03-30T16:00:00,2019-06-30T16:00:00
HIG ,2019/5/1,1.39,1.234,12.64181524,2019-03-30T16:00:00,2019-06-30T16:00:00
AWK ,2019/5/1,0.62,0.632,-1.898734177,2019-03-30T16:00:00,2019-06-30T16:00:00
EQIX ,2019/5/1,3.97,4.248,-6.544256121,2019-03-30T16:00:00,2019-06-30T16:00:00
O ,2019/5/1,0.81,0.802,0.997506234,2019-03-30T16:00:00,2019-06-30T16:00:00
PNW ,2019/5/1,0.16,0.168,-4.761904762,2019-03-30T16:00:00,2019-06-30T16:00:00
RCL ,2019/5/1,1.31,1.107,18.33785005,2019-03-30T16:00:00,2019-06-30T16:00:00
HUM ,2019/5/1,4.48,4.29,4.428904429,2019-03-30T16:00:00,2019-06-30T16:00:00
CDW ,2019/5/1,1.24,1.11,11.71171171,2019-03-30T16:00:00,2019-06-30T16:00:00
GRMN ,2019/5/1,0.73,0.706,3.399433428,2019-03-30T16:00:00,2019-06-30T16:00:00
YUM ,2019/5/1,0.82,0.813,0.86100861,2019-03-30T16:00:00,2019-06-30T16:00:00
TAP ,2019/5/1,0.52,0.576,-9.722222222,2019-03-30T16:00:00,2019-06-30T16:00:00
IQV ,2019/5/1,1.53,1.506,1.593625498,2019-03-30T16:00:00,2019-06-30T16:00:00
SEE,2019/5/1,0.59,0.571,3.327495622,2019-03-30T16:00:00,2019-06-30T16:00:00
CME,2019/5/1,1.62,1.597,1.440200376,2019-03-30T16:00:00,2019-06-30T16:00:00
AME,2019/5/1,1,0.969,3.199174407,2019-03-30T16:00:00,2019-06-30T16:00:00
CVS,2019/5/1,1.62,1.511,7.213765718,2019-03-30T16:00:00,2019-06-30T16:00:00
SO,2019/5/1,0.7,0.719,-2.64255911,2019-03-30T16:00:00,2019-06-30T16:00:00
NI,2019/5/1,0.82,0.77,6.493506494,2019-03-30T16:00:00,2019-06-30T16:00:00
ETR,2019/5/1,0.82,0.863,-4.982618772,2019-03-30T16:00:00,2019-06-30T16:00:00
IDXX,2019/5/1,1.17,1.052,11.21673004,2019-03-30T16:00:00,2019-06-30T16:00:00
WLTW,2019/5/1,2.98,3.024,-1.455026455,2019-03-30T16:00:00,2019-06-30T16:00:00
HLT,2019/5/1,0.8,0.761,5.124835742,2019-03-30T16:00:00,2019-06-30T16:00:00
BXP,2019/4/30,1.72,1.658,3.739445115,2019-03-30T16:00:00,2019-06-30T16:00:00
DVN,2019/4/30,0.36,0.276,30.43478261,2019-03-30T16:00:00,2019-06-30T16:00:00
EQR,2019/4/30,0.82,0.812,0.985221675,2019-03-30T16:00:00,2019-06-30T16:00:00
AMD,2019/4/30,0.06,0.054,11.11111111,2019-03-30T16:00:00,2019-06-30T16:00:00
UDR,2019/4/30,0.5,0.503,-0.596421471,2019-03-30T16:00:00,2019-06-30T16:00:00
OKE,2019/4/30,0.81,0.723,12.03319502,2019-03-30T16:00:00,2019-06-30T16:00:00
UNM,2019/4/30,1.31,1.313,-0.228484387,2019-03-30T16:00:00,2019-06-30T16:00:00
CHRW,2019/4/30,1.16,1.144,1.398601399,2019-03-30T16:00:00,2019-06-30T16:00:00
VRSK,2019/4/30,1.03,1.034,-0.386847195,2019-03-30T16:00:00,2019-06-30T16:00:00
EIX,2019/4/30,0.63,0.873,-27.83505155,2019-03-30T16:00:00,2019-06-30T16:00:00
CB,2019/4/30,2.54,2.561,-0.819992191,2019-03-30T16:00:00,2019-06-30T16:00:00
EXR,2019/4/30,1.16,1.136,2.112676056,2019-03-30T16:00:00,2019-06-30T16:00:00
MDLZ,2019/4/30,0.65,0.612,6.209150327,2019-03-30T16:00:00,2019-06-30T16:00:00
CXO,2019/4/30,0.72,0.761,-5.387647832,2019-03-30T16:00:00,2019-06-30T16:00:00
AKAM,2019/4/30,1.1,1.019,7.948969578,2019-03-30T16:00:00,2019-06-30T16:00:00
AMGN,2019/4/30,3.56,3.469,2.623234361,2019-03-30T16:00:00,2019-06-30T16:00:00
VRTX,2019/4/30,1.14,1.005,13.43283582,2019-03-30T16:00:00,2019-06-30T16:00:00
FISV,2019/4/30,0.84,0.822,2.189781022,2019-03-30T16:00:00,2019-06-30T16:00:00
ECL,2019/4/30,1.03,1.02,0.980392157,2019-03-30T16:00:00,2019-06-30T16:00:00
HCA,2019/4/30,2.97,2.319,28.07244502,2019-03-30T16:00:00,2019-06-30T16:00:00
GM,2019/4/30,1.41,1.1,28.18181818,2019-03-30T16:00:00,2019-06-30T16:00:00
MA,2019/4/30,1.78,1.656,7.487922705,2019-03-30T16:00:00,2019-06-30T16:00:00
IPGP,2019/4/30,1.02,1.099,-7.188353048,2019-03-30T16:00:00,2019-06-30T16:00:00
ARNC,2019/4/30,0.43,0.387,11.11111111,2019-03-30T16:00:00,2019-06-30T16:00:00
PCAR,2019/4/30,1.81,1.654,9.431680774,2019-03-30T16:00:00,2019-06-30T16:00:00
MCD,2019/4/30,1.78,1.754,1.482326112,2019-03-30T16:00:00,2019-06-30T16:00:00
CMI,2019/4/30,4.2,3.555,18.14345992,2019-03-30T16:00:00,2019-06-30T16:00:00
GLW,2019/4/30,0.4,0.395,1.265822785,2019-03-30T16:00:00,2019-06-30T16:00:00
CHTR,2019/4/30,0.98,1.371,-28.51932896,2019-03-30T16:00:00,2019-06-30T16:00:00
PSX,2019/4/30,0.4,0.34,17.64705882,2019-03-30T16:00:00,2019-06-30T16:00:00
INCY,2019/4/30,0.62,0.391,58.56777494,2019-03-30T16:00:00,2019-06-30T16:00:00
FIS,2019/4/30,1.64,1.447,13.33794057,2019-03-30T16:00:00,2019-06-30T16:00:00
COP,2019/4/30,1,0.907,10.25358324,2019-03-30T16:00:00,2019-06-30T16:00:00
SPG,2019/4/30,3.04,3.054,-0.458415193,2019-03-30T16:00:00,2019-06-30T16:00:00
MLM,2019/4/30,0.68,0.33,106.0606061,2019-03-30T16:00:00,2019-06-30T16:00:00
LH,2019/4/30,2.62,2.534,3.393843725,2019-03-30T16:00:00,2019-06-30T16:00:00
AOS,2019/4/30,0.53,0.573,-7.504363002,2019-03-30T16:00:00,2019-06-30T16:00:00
BKR,2019/4/30,0.15,0.133,12.78195489,2019-03-30T16:00:00,2019-06-30T16:00:00
MRK,2019/4/30,1.22,1.051,16.07992388,2019-03-30T16:00:00,2019-06-30T16:00:00
PFE,2019/4/30,0.85,0.761,11.69513798,2019-03-30T16:00:00,2019-06-30T16:00:00
ETN,2019/4/30,1.26,1.244,1.286173633,2019-03-30T16:00:00,2019-06-30T16:00:00
NLSN,2019/4/30,0.35,0.319,9.717868339,2019-03-30T16:00:00,2019-06-30T16:00:00
WELL,2019/4/30,1.02,1.019,0.098135427,2019-03-30T16:00:00,2019-06-30T16:00:00
GE,2019/4/30,0.14,0.089,57.30337079,2019-03-30T16:00:00,2019-06-30T16:00:00
LLY,2019/4/30,1.33,1.301,2.229054573,2019-03-30T16:00:00,2019-06-30T16:00:00
IR,2019/4/30,0.89,0.797,11.66875784,2019-03-30T16:00:00,2019-06-30T16:00:00
WCG,2019/4/30,3.69,3.062,20.50947093,2019-03-30T16:00:00,2019-06-30T16:00:00
LDOS,2019/4/30,1.13,1,13,2019-03-30T16:00:00,2019-06-30T16:00:00
MGM,2019/4/29,0.14,0.213,-34.27230047,2019-03-30T16:00:00,2019-06-30T16:00:00
ARE,2019/4/29,1.71,1.682,1.664684899,2019-03-30T16:00:00,2019-06-30T16:00:00
LEG,2019/4/29,0.49,0.522,-6.130268199,2019-03-30T16:00:00,2019-06-30T16:00:00
GOOGL,2019/4/29,10.81,10.541,2.551940044,2019-03-30T16:00:00,2019-06-30T16:00:00
SBAC,2019/4/29,1.72,1.663,3.427540589,2019-03-30T16:00:00,2019-06-30T16:00:00
VNO,2019/4/29,1.3,1.34,-2.985074627,2019-03-30T16:00:00,2019-06-30T16:00:00
L,2019/4/29,1.2,0.96,25,2019-03-30T16:00:00,2019-06-30T16:00:00
CVX,2019/4/26,1.39,1.303,6.676899463,2019-03-30T16:00:00,2019-06-30T16:00:00
XOM,2019/4/26,0.55,0.716,-23.18435754,2019-03-30T16:00:00,2019-06-30T16:00:00
AAL,2019/4/26,0.52,0.506,2.766798419,2019-03-30T16:00:00,2019-06-30T16:00:00
ADM,2019/4/26,0.46,0.595,-22.68907563,2019-03-30T16:00:00,2019-06-30T16:00:00
IPG,2019/4/26,0.11,0.048,129.1666667,2019-03-30T16:00:00,2019-06-30T16:00:00
VTR,2019/4/26,0.99,0.956,3.556485356,2019-03-30T16:00:00,2019-06-30T16:00:00
CL,2019/4/26,0.67,0.663,1.055806938,2019-03-30T16:00:00,2019-06-30T16:00:00
COG,2019/4/26,0.73,0.651,12.13517665,2019-03-30T16:00:00,2019-06-30T16:00:00
LYB,2019/4/26,2.22,2.17,2.304147465,2019-03-30T16:00:00,2019-06-30T16:00:00
ZBH,2019/4/26,1.87,1.863,0.375738057,2019-03-30T16:00:00,2019-06-30T16:00:00
AON,2019/4/26,3.31,3.302,0.242277408,2019-03-30T16:00:00,2019-06-30T16:00:00
WY,2019/4/26,0.11,0.092,19.56521739,2019-03-30T16:00:00,2019-06-30T16:00:00
NOV,2019/4/25,-0.18,-0.08,125,2019-03-30T16:00:00,2019-06-30T16:00:00
EMN,2019/4/25,1.77,1.867,-5.195500803,2019-03-30T16:00:00,2019-06-30T16:00:00
DFS,2019/4/25,2.15,2.017,6.593951413,2019-03-30T16:00:00,2019-06-30T16:00:00
AFL,2019/4/25,1.13,1.059,6.704438149,2019-03-30T16:00:00,2019-06-30T16:00:00
FTV,2019/4/25,0.69,0.691,-0.1447178,2019-03-30T16:00:00,2019-06-30T16:00:00
UHS,2019/4/25,2.45,2.605,-5.950095969,2019-03-30T16:00:00,2019-06-30T16:00:00
AJG,2019/4/25,1.63,1.609,1.305158484,2019-03-30T16:00:00,2019-06-30T16:00:00
PFG,2019/4/25,1.43,1.308,9.327217125,2019-03-30T16:00:00,2019-06-30T16:00:00
PKI,2019/4/25,0.69,0.662,4.229607251,2019-03-30T16:00:00,2019-06-30T16:00:00
F,2019/4/25,0.44,0.256,71.875,2019-03-30T16:00:00,2019-06-30T16:00:00
MHK,2019/4/25,2.13,2.064,3.197674419,2019-03-30T16:00:00,2019-06-30T16:00:00
JNPR,2019/4/25,0.26,0.212,22.64150943,2019-03-30T16:00:00,2019-06-30T16:00:00
FTI,2019/4/25,0.06,0.318,-81.13207547,2019-03-30T16:00:00,2019-06-30T16:00:00
RSG,2019/4/25,0.73,0.719,1.529902643,2019-03-30T16:00:00,2019-06-30T16:00:00
INTC,2019/4/25,0.89,0.87,2.298850575,2019-03-30T16:00:00,2019-06-30T16:00:00
SIVB,2019/4/25,5.44,4.782,13.75993308,2019-03-30T16:00:00,2019-06-30T16:00:00
DLR,2019/4/25,1.92,1.63,17.79141104,2019-03-30T16:00:00,2019-06-30T16:00:00
IEX,2019/4/25,1.44,1.369,5.186267348,2019-03-30T16:00:00,2019-06-30T16:00:00
COF,2019/4/25,2.9,2.706,7.169253511,2019-03-30T16:00:00,2019-06-30T16:00:00
ILMN,2019/4/25,1.6,1.338,19.58146487,2019-03-30T16:00:00,2019-06-30T16:00:00
VRSN,2019/4/25,1.31,1.25,4.8,2019-03-30T16:00:00,2019-06-30T16:00:00
TMUS,2019/4/25,1.06,0.92,15.2173913,2019-03-30T16:00:00,2019-06-30T16:00:00
AMZN,2019/4/25,7.09,4.667,51.91772016,2019-03-30T16:00:00,2019-06-30T16:00:00
ALK,2019/4/25,0.17,0.151,12.58278146,2019-03-30T16:00:00,2019-06-30T16:00:00
CERN,2019/4/25,0.61,0.615,-0.81300813,2019-03-30T16:00:00,2019-06-30T16:00:00
TSCO,2019/4/25,0.63,0.554,13.71841155,2019-03-30T16:00:00,2019-06-30T16:00:00
ITW,2019/4/25,1.81,1.805,0.27700831,2019-03-30T16:00:00,2019-06-30T16:00:00
FCX,2019/4/25,0.05,0.073,-31.50684932,2019-03-30T16:00:00,2019-06-30T16:00:00
HBAN,2019/4/25,0.32,0.316,1.265822785,2019-03-30T16:00:00,2019-06-30T16:00:00
ABBV,2019/4/25,2.14,2.059,3.933948519,2019-03-30T16:00:00,2019-06-30T16:00:00
ADS,2019/4/25,3.72,4.05,-8.148148148,2019-03-30T16:00:00,2019-06-30T16:00:00
HES,2019/4/25,0.09,-0.266,-133.8345865,2019-03-30T16:00:00,2019-06-30T16:00:00
WAB,2019/4/25,1.06,0.843,25.74139976,2019-03-30T16:00:00,2019-06-30T16:00:00
BAX,2019/4/25,0.76,0.681,11.60058737,2019-03-30T16:00:00,2019-06-30T16:00:00
CMS,2019/4/25,0.75,0.772,-2.849740933,2019-03-30T16:00:00,2019-06-30T16:00:00
UPS,2019/4/25,1.39,1.415,-1.766784452,2019-03-30T16:00:00,2019-06-30T16:00:00
MAS,2019/4/25,0.44,0.473,-6.976744186,2019-03-30T16:00:00,2019-06-30T16:00:00
WEC,2019/4/25,1.33,1.255,5.976095618,2019-03-30T16:00:00,2019-06-30T16:00:00
CMCSA,2019/4/25,0.76,0.681,11.60058737,2019-03-30T16:00:00,2019-06-30T16:00:00
WM,2019/4/25,0.94,0.918,2.396514161,2019-03-30T16:00:00,2019-06-30T16:00:00
HSY,2019/4/25,1.59,1.467,8.384458078,2019-03-30T16:00:00,2019-06-30T16:00:00
MO,2019/4/25,0.9,0.921,-2.280130293,2019-03-30T16:00:00,2019-06-30T16:00:00
MMC,2019/4/25,1.52,1.452,4.683195592,2019-03-30T16:00:00,2019-06-30T16:00:00
IP,2019/4/25,1.11,0.906,22.51655629,2019-03-30T16:00:00,2019-06-30T16:00:00
BMY,2019/4/25,1.1,1.089,1.01010101,2019-03-30T16:00:00,2019-06-30T16:00:00
AEP,2019/4/25,1.19,1.111,7.110711071,2019-03-30T16:00:00,2019-06-30T16:00:00
IVZ,2019/4/25,0.56,0.527,6.261859583,2019-03-30T16:00:00,2019-06-30T16:00:00
RTN,2019/4/25,2.77,2.472,12.05501618,2019-03-30T16:00:00,2019-06-30T16:00:00
NEM,2019/4/25,0.33,0.273,20.87912088,2019-03-30T16:00:00,2019-06-30T16:00:00
ROP,2019/4/25,3.3,2.779,18.74775099,2019-03-30T16:00:00,2019-06-30T16:00:00
LUV,2019/4/25,0.7,0.608,15.13157895,2019-03-30T16:00:00,2019-06-30T16:00:00
ALXN,2019/4/25,2.39,2.211,8.095884215,2019-03-30T16:00:00,2019-06-30T16:00:00
VLO,2019/4/25,0.34,0.232,46.55172414,2019-03-30T16:00:00,2019-06-30T16:00:00
BWA,2019/4/25,1,0.944,5.93220339,2019-03-30T16:00:00,2019-06-30T16:00:00
MMM,2019/4/25,2.23,2.485,-10.26156942,2019-03-30T16:00:00,2019-06-30T16:00:00
XRX,2019/4/25,0.91,0.8,13.75,2019-03-30T16:00:00,2019-06-30T16:00:00
LKQ,2019/4/25,0.56,0.561,-0.178253119,2019-03-30T16:00:00,2019-06-30T16:00:00
IRM,2019/4/25,0.48,0.512,-6.25,2019-03-30T16:00:00,2019-06-30T16:00:00
XEL,2019/4/25,0.61,0.615,-0.81300813,2019-03-30T16:00:00,2019-06-30T16:00:00
ALLE,2019/4/25,0.88,0.866,1.616628176,2019-03-30T16:00:00,2019-06-30T16:00:00
PKG,2019/4/24,1.98,1.957,1.175268268,2019-03-30T16:00:00,2019-06-30T16:00:00
ORLY,2019/4/24,4.05,4.055,-0.123304562,2019-03-30T16:00:00,2019-06-30T16:00:00
AVB,2019/4/24,2.3,2.286,0.612423447,2019-03-30T16:00:00,2019-06-30T16:00:00
PYPL,2019/4/24,0.78,0.678,15.04424779,2019-03-30T16:00:00,2019-06-30T16:00:00
ESS,2019/4/24,3.23,3.196,1.063829787,2019-03-30T16:00:00,2019-06-30T16:00:00
DRE,2019/4/24,0.33,0.321,2.803738318,2019-03-30T16:00:00,2019-06-30T16:00:00
AMP,2019/4/24,3.75,3.631,3.277334068,2019-03-30T16:00:00,2019-06-30T16:00:00
CMG,2019/4/24,3.4,3.013,12.84434119,2019-03-30T16:00:00,2019-06-30T16:00:00
NOW,2019/4/24,0.67,0.543,23.38858195,2019-03-30T16:00:00,2019-06-30T16:00:00
FB,2019/4/24,1.89,1.619,16.73872761,2019-03-30T16:00:00,2019-06-30T16:00:00
FBHS,2019/4/24,0.63,0.583,8.061749571,2019-03-30T16:00:00,2019-06-30T16:00:00
CINF,2019/4/24,1.05,0.877,19.72633979,2019-03-30T16:00:00,2019-06-30T16:00:00
CTXS,2019/4/24,1.27,1.173,8.269394714,2019-03-30T16:00:00,2019-06-30T16:00:00
ALGN,2019/4/24,0.89,0.825,7.878787879,2019-03-30T16:00:00,2019-06-30T16:00:00
APH,2019/4/24,0.89,0.881,1.021566402,2019-03-30T16:00:00,2019-06-30T16:00:00
NSC,2019/4/24,2.51,2.179,15.19045434,2019-03-30T16:00:00,2019-06-30T16:00:00
ROL,2019/4/24,0.13,0.152,-14.47368421,2019-03-30T16:00:00,2019-06-30T16:00:00
FLIR,2019/4/24,0.53,0.483,9.730848861,2019-03-30T16:00:00,2019-06-30T16:00:00
TROW,2019/4/24,1.87,1.683,11.11111111,2019-03-30T16:00:00,2019-06-30T16:00:00
GD,2019/4/24,2.56,2.415,6.004140787,2019-03-30T16:00:00,2019-06-30T16:00:00
CAT,2019/4/24,2.94,2.846,3.302881237,2019-03-30T16:00:00,2019-06-30T16:00:00
BA,2019/4/24,3.16,3.251,-2.799138727,2019-03-30T16:00:00,2019-06-30T16:00:00
NDAQ,2019/4/24,1.22,1.163,4.901117799,2019-03-30T16:00:00,2019-06-30T16:00:00
MCO,2019/4/24,2.07,1.934,7.032057911,2019-03-30T16:00:00,2019-06-30T16:00:00
DTE,2019/4/24,2.05,1.959,4.645227157,2019-03-30T16:00:00,2019-06-30T16:00:00
T,2019/4/24,0.86,0.858,0.233100233,2019-03-30T16:00:00,2019-06-30T16:00:00
AVY,2019/4/24,1.48,1.455,1.718213058,2019-03-30T16:00:00,2019-06-30T16:00:00
BIIB,2019/4/24,6.98,6.994,-0.200171576,2019-03-30T16:00:00,2019-06-30T16:00:00
NOC,2019/4/24,5.06,4.587,10.3117506,2019-03-30T16:00:00,2019-06-30T16:00:00
BSX,2019/4/24,0.35,0.356,-1.685393258,2019-03-30T16:00:00,2019-06-30T16:00:00
MKTX,2019/4/24,1.39,1.375,1.090909091,2019-03-30T16:00:00,2019-06-30T16:00:00
ANTM,2019/4/24,6.03,5.84,3.253424658,2019-03-30T16:00:00,2019-06-30T16:00:00
TMO,2019/4/24,2.81,2.73,2.93040293,2019-03-30T16:00:00,2019-06-30T16:00:00
SWK,2019/4/24,1.42,1.113,27.58310872,2019-03-30T16:00:00,2019-06-30T16:00:00
FE,2019/4/23,0.67,0.67,0,2019-03-30T16:00:00,2019-06-30T16:00:00
EBAY,2019/4/23,0.67,0.628,6.687898089,2019-03-30T16:00:00,2019-06-30T16:00:00
EW,2019/4/23,1.32,1.224,7.843137255,2019-03-30T16:00:00,2019-06-30T16:00:00
RHI,2019/4/23,0.93,0.951,-2.208201893,2019-03-30T16:00:00,2019-06-30T16:00:00
SYK,2019/4/23,1.88,1.839,2.229472539,2019-03-30T16:00:00,2019-06-30T16:00:00
TXN,2019/4/23,1.26,1.128,11.70212766,2019-03-30T16:00:00,2019-06-30T16:00:00
NTRS,2019/4/23,1.53,1.469,4.152484683,2019-03-30T16:00:00,2019-06-30T16:00:00
NUE,2019/4/23,1.63,1.504,8.377659574,2019-03-30T16:00:00,2019-06-30T16:00:00
VZ,2019/4/23,1.2,1.167,2.827763496,2019-03-30T16:00:00,2019-06-30T16:00:00
LMT,2019/4/23,5.99,4.343,37.92309464,2019-03-30T16:00:00,2019-06-30T16:00:00
NEE,2019/4/23,2.2,2.047,7.474352711,2019-03-30T16:00:00,2019-06-30T16:00:00
KO,2019/4/23,0.48,0.463,3.671706263,2019-03-30T16:00:00,2019-06-30T16:00:00
TWTR,2019/4/23,0.37,0.147,151.7006803,2019-03-30T16:00:00,2019-06-30T16:00:00
SHW,2019/4/23,3.6,3.657,-1.558654635,2019-03-30T16:00:00,2019-06-30T16:00:00
STT,2019/4/23,1.24,1.195,3.765690377,2019-03-30T16:00:00,2019-06-30T16:00:00
UTX,2019/4/23,1.91,1.711,11.63062537,2019-03-30T16:00:00,2019-06-30T16:00:00
WAT,2019/4/23,1.6,1.724,-7.192575406,2019-03-30T16:00:00,2019-06-30T16:00:00
HOG,2019/4/23,0.98,0.855,14.61988304,2019-03-30T16:00:00,2019-06-30T16:00:00
DGX,2019/4/23,1.4,1.364,2.639296188,2019-03-30T16:00:00,2019-06-30T16:00:00
FITB,2019/4/23,0.63,0.587,7.325383305,2019-03-30T16:00:00,2019-06-30T16:00:00
PHM,2019/4/23,0.59,0.473,24.73572939,2019-03-30T16:00:00,2019-06-30T16:00:00
HAS,2019/4/23,0.21,-0.112,-287.5,2019-03-30T16:00:00,2019-06-30T16:00:00
CNC,2019/4/23,1.39,1.34,3.731343284,2019-03-30T16:00:00,2019-06-30T16:00:00
CE,2019/4/22,2.62,2.395,9.394572025,2019-03-30T16:00:00,2019-06-30T16:00:00
WHR,2019/4/22,3.11,2.864,8.589385475,2019-03-30T16:00:00,2019-06-30T16:00:00
ZION,2019/4/22,1.04,1.048,-0.763358779,2019-03-30T16:00:00,2019-06-30T16:00:00
CDNS,2019/4/22,0.54,0.491,9.979633401,2019-03-30T16:00:00,2019-06-30T16:00:00
GWW,2019/4/22,4.51,4.45,1.348314607,2019-03-30T16:00:00,2019-06-30T16:00:00
KMB,2019/4/22,1.66,1.539,7.862248213,2019-03-30T16:00:00,2019-06-30T16:00:00
NVR,2019/4/22,47.64,34.448,38.29540176,2019-03-30T16:00:00,2019-06-30T16:00:00
HAL,2019/4/22,0.23,0.223,3.139013453,2019-03-30T16:00:00,2019-06-30T16:00:00
ISRG,2019/4/18,2.61,2.699,-3.297517599,2019-03-30T16:00:00,2019-06-30T16:00:00
PBCT,2019/4/18,0.33,0.333,-0.900900901,2019-03-30T16:00:00,2019-06-30T16:00:00
GPC,2019/4/18,1.28,1.304,-1.840490798,2019-03-30T16:00:00,2019-06-30T16:00:00
UNP,2019/4/18,1.93,1.877,2.823654768,2019-03-30T16:00:00,2019-06-30T16:00:00
AXP,2019/4/18,2.01,1.986,1.208459215,2019-03-30T16:00:00,2019-06-30T16:00:00
SLB,2019/4/18,0.3,0.301,-0.332225914,2019-03-30T16:00:00,2019-06-30T16:00:00
PM,2019/4/18,1.09,0.997,9.327983952,2019-03-30T16:00:00,2019-06-30T16:00:00
TRV,2019/4/18,2.83,2.738,3.360116874,2019-03-30T16:00:00,2019-06-30T16:00:00
PPG,2019/4/18,1.38,1.21,14.04958678,2019-03-30T16:00:00,2019-06-30T16:00:00
DOV,2019/4/18,1.24,1.104,12.31884058,2019-03-30T16:00:00,2019-06-30T16:00:00
SNA,2019/4/18,3.01,2.901,3.75732506,2019-03-30T16:00:00,2019-06-30T16:00:00
KEY,2019/4/18,0.4,0.414,-3.381642512,2019-03-30T16:00:00,2019-06-30T16:00:00
SYF,2019/4/18,1,0.891,12.23344557,2019-03-30T16:00:00,2019-06-30T16:00:00
HON,2019/4/18,1.92,1.833,4.746317512,2019-03-30T16:00:00,2019-06-30T16:00:00
CFG,2019/4/18,0.93,0.892,4.260089686,2019-03-30T16:00:00,2019-06-30T16:00:00
DHR,2019/4/18,1.07,1.016,5.31496063,2019-03-30T16:00:00,2019-06-30T16:00:00
STI,2019/4/18,1.33,1.304,1.993865031,2019-03-30T16:00:00,2019-06-30T16:00:00
RF,2019/4/18,0.37,0.369,0.27100271,2019-03-30T16:00:00,2019-06-30T16:00:00
BBT,2019/4/18,1.05,1.03,1.941747573,2019-03-30T16:00:00,2019-06-30T16:00:00
CCI,2019/4/17,1.36,1.374,-1.018922853,2019-03-30T16:00:00,2019-06-30T16:00:00
URI,2019/4/17,3.31,3.027,9.349190618,2019-03-30T16:00:00,2019-06-30T16:00:00
GL,2019/4/17,1.64,1.586,3.404791929,2019-03-30T16:00:00,2019-06-30T16:00:00
SLG,2019/4/17,1.68,1.689,-0.53285968,2019-03-30T16:00:00,2019-06-30T16:00:00
KMI,2019/4/17,0.25,0.243,2.880658436,2019-03-30T16:00:00,2019-06-30T16:00:00
ETFC,2019/4/17,1.09,0.929,17.33046286,2019-03-30T16:00:00,2019-06-30T16:00:00
LVS,2019/4/17,0.91,0.866,5.080831409,2019-03-30T16:00:00,2019-06-30T16:00:00
KSU,2019/4/17,1.54,1.436,7.242339833,2019-03-30T16:00:00,2019-06-30T16:00:00
ABT,2019/4/17,0.63,0.613,2.77324633,2019-03-30T16:00:00,2019-06-30T16:00:00
PNR,2019/4/17,0.43,0.43,0,2019-03-30T16:00:00,2019-06-30T16:00:00
MS,2019/4/17,1.33,1.166,14.0651801,2019-03-30T16:00:00,2019-06-30T16:00:00
USB,2019/4/17,1,1.001,-0.0999001,2019-03-30T16:00:00,2019-06-30T16:00:00
TXT,2019/4/17,0.76,0.683,11.27379209,2019-03-30T16:00:00,2019-06-30T16:00:00
BK,2019/4/17,0.94,0.958,-1.878914405,2019-03-30T16:00:00,2019-06-30T16:00:00
PEP,2019/4/17,0.97,0.914,6.126914661,2019-03-30T16:00:00,2019-06-30T16:00:00
UAL,2019/4/16,1.15,0.952,20.79831933,2019-03-30T16:00:00,2019-06-30T16:00:00
IBM,2019/4/16,2.25,2.217,1.48849797,2019-03-30T16:00:00,2019-06-30T16:00:00
CSX,2019/4/16,1.02,0.908,12.33480176,2019-03-30T16:00:00,2019-06-30T16:00:00
NFLX,2019/4/16,0.76,0.58,31.03448276,2019-03-30T16:00:00,2019-06-30T16:00:00
PGR,2019/4/16,1.83,1.359,34.65783664,2019-03-30T16:00:00,2019-06-30T16:00:00
PLD,2019/4/16,0.73,0.718,1.671309192,2019-03-30T16:00:00,2019-06-30T16:00:00
OMC,2019/4/16,1.17,1.082,8.133086876,2019-03-30T16:00:00,2019-06-30T16:00:00
BAC,2019/4/16,0.71,0.656,8.231707317,2019-03-30T16:00:00,2019-06-30T16:00:00
JNJ,2019/4/16,2.1,2.035,3.194103194,2019-03-30T16:00:00,2019-06-30T16:00:00
CMA,2019/4/16,2.08,1.931,7.716209218,2019-03-30T16:00:00,2019-06-30T16:00:00
BLK,2019/4/16,6.61,6.13,7.830342577,2019-03-30T16:00:00,2019-06-30T16:00:00
UNH,2019/4/16,3.73,3.599,3.639899972,2019-03-30T16:00:00,2019-06-30T16:00:00
JBHT,2019/4/15,1.09,1.248,-12.66025641,2019-03-30T16:00:00,2019-06-30T16:00:00
SCHW,2019/4/15,0.69,0.657,5.02283105,2019-03-30T16:00:00,2019-06-30T16:00:00
C,2019/4/15,1.87,1.798,4.004449388,2019-03-30T16:00:00,2019-06-30T16:00:00
GS,2019/4/15,5.71,4.968,14.93558776,2019-03-30T16:00:00,2019-06-30T16:00:00
MTB,2019/4/15,3.35,3.301,1.484398667,2019-03-30T16:00:00,2019-06-30T16:00:00
WFC,2019/4/12,1.01,1.092,-7.509157509,2019-03-30T16:00:00,2019-06-30T16:00:00
FRC,2019/4/12,1.26,1.226,2.77324633,2019-03-30T16:00:00,2019-06-30T16:00:00
PNC,2019/4/12,2.69,2.608,3.144171779,2019-03-30T16:00:00,2019-06-30T16:00:00
JPM,2019/4/12,2.59,2.353,10.07224819,2019-03-30T16:00:00,2019-06-30T16:00:00
FAST,2019/4/11,0.34,0.339,0.294985251,2019-03-30T16:00:00,2019-06-30T16:00:00
DAL,2019/4/10,0.96,0.898,6.904231626,2019-03-30T16:00:00,2019-06-30T16:00:00
LEN,2019/3/27,0.74,0.754,-1.856763926,2019-03-30T16:00:00,2019-06-30T16:00:00
CCL,2019/3/26,0.49,0.438,11.87214612,2019-03-30T16:00:00,2019-06-30T16:00:00
MKC,2019/3/26,1.12,1.04,7.692307692,2019-03-30T16:00:00,2019-06-30T16:00:00
INFO,2019/3/26,0.6,0.566,6.007067138,2019-03-30T16:00:00,2019-06-30T16:00:00
AVGO,2019/3/14,5.55,5.231,6.098260371,2019-03-30T16:00:00,2019-06-30T16:00:00
ADBE,2019/3/14,1.71,1.616,5.816831683,2019-03-30T16:00:00,2019-06-30T16:00:00
COO,2019/3/5,2.88,2.507,14.87834065,2019-03-30T16:00:00,2019-06-30T16:00:00
HPQ,2019/2/27,0.52,0.517,0.580270793,2019-03-30T16:00:00,2019-06-30T16:00:00
KEYS,2019/2/21,0.93,0.804,15.67164179,2019-03-30T16:00:00,2019-06-30T16:00:00
HPE,2019/2/21,0.42,0.348,20.68965517,2019-03-30T16:00:00,2019-06-30T16:00:00
HRL,2019/2/21,0.44,0.443,-0.677200903,2019-03-30T16:00:00,2019-06-30T16:00:00
A,2019/2/20,0.76,0.731,3.967168263,2019-03-30T16:00:00,2019-06-30T16:00:00
SNPS,2019/2/20,1.08,0.966,11.80124224,2019-03-30T16:00:00,2019-06-30T16:00:00
ADI,2019/2/20,1.33,1.282,3.744149766,2019-03-30T16:00:00,2019-06-30T16:00:00
DE,2019/2/15,1.54,1.751,-12.050257,2019-03-30T16:00:00,2019-06-30T16:00:00
AMAT,2019/2/14,0.81,0.788,2.791878173,2019-03-30T16:00:00,2019-06-30T16:00:00
TSN,2019/2/7,1.58,1.56,1.282051282,2019-03-30T16:00:00,2019-06-30T16:00:00
JEC,2019/2/6,1.14,1.038,9.826589595,2019-03-30T16:00:00,2019-06-30T16:00:00
ATO,2019/2/5,1.38,1.327,3.993971364,2019-03-30T16:00:00,2019-06-30T16:00:00
SWKS,2019/2/5,1.83,1.821,0.494233937,2019-03-30T16:00:00,2019-06-30T16:00:00
DIS,2019/2/5,1.84,1.542,19.32555123,2019-03-30T16:00:00,2019-06-30T16:00:00
TDG,2019/2/5,3.85,3.431,12.21218304,2019-03-30T16:00:00,2019-06-30T16:00:00
VIAB,2019/2/5,1.12,1.024,9.375,2019-03-30T16:00:00,2019-06-30T16:00:00
EMR,2019/2/5,0.76,0.659,15.3262519,2019-03-30T16:00:00,2019-06-30T16:00:00
BDX,2019/2/5,2.7,2.605,3.646833013,2019-03-30T16:00:00,2019-06-30T16:00:00
JCI,2019/2/1,0.26,0.24,8.333333333,2019-03-30T16:00:00,2019-06-30T16:00:00
ABC,2019/1/31,1.6,1.521,5.193951348,2019-03-30T16:00:00,2019-06-30T16:00:00
WRK,2019/1/31,0.83,0.805,3.105590062,2019-03-30T16:00:00,2019-06-30T16:00:00
V,2019/1/30,1.3,1.253,3.750997606,2019-03-30T16:00:00,2019-06-30T16:00:00
QCOM,2019/1/30,1.2,1.089,10.19283747,2019-03-30T16:00:00,2019-06-30T16:00:00
HOLX,2019/1/30,0.58,0.571,1.576182137,2019-03-30T16:00:00,2019-06-30T16:00:00
BEN,2019/1/30,0.54,0.659,-18.05766313,2019-03-30T16:00:00,2019-06-30T16:00:00
HP,2019/1/29,-0.1,0.294,-134.0136054,2019-03-30T16:00:00,2019-06-30T16:00:00
AAPL,2019/1/29,4.18,4.167,0.311975042,2019-03-30T16:00:00,2019-06-30T16:00:00
ROK,2019/1/29,2.21,2.006,10.16949153,2019-03-30T16:00:00,2019-06-30T16:00:00
DHI,2019/1/25,0.76,0.781,-2.688860435,2019-03-30T16:00:00,2019-06-30T16:00:00
APD,2019/1/25,1.86,1.869,-0.481540931,2019-03-30T16:00:00,2019-06-30T16:00:00
SBUX,2019/1/24,0.75,0.649,15.5624037,2019-03-30T16:00:00,2019-06-30T16:00:00
RJF,2019/1/23,1.79,1.719,4.130308319,2019-03-30T16:00:00,2019-06-30T16:00:00
VAR,2019/1/23,1.06,1.084,-2.21402214,2019-03-30T16:00:00,2019-06-30T16:00:00
FFIV,2019/1/23,2.7,2.535,6.50887574,2019-03-30T16:00:00,2019-06-30T16:00:00
TEL,2019/1/23,1.29,1.279,0.860046912,2019-03-30T16:00:00,2019-06-30T16:00:00
WBA,2018/12/20,1.46,1.431,2.026554857,2019-03-30T16:00:00,2019-06-30T16:00:00
ACN,2018/12/20,1.96,1.855,5.660377358,2019-03-30T16:00:00,2019-06-30T16:00:00
MU,2018/12/18,2.97,2.953,0.575685743,2019-03-30T16:00:00,2019-06-30T16:00:00
COST,2018/12/13,1.61,1.623,-0.800985829,2019-03-30T16:00:00,2019-06-30T16:00:00
AZO,2018/12/4,13.47,12.247,9.98611905,2019-03-30T16:00:00,2019-06-30T16:00:00
CPRT,2018/11/20,0.47,0.464,1.293103448,2019-03-30T16:00:00,2019-06-30T16:00:00
CPB,2018/11/20,0.79,0.705,12.05673759,2019-03-30T16:00:00,2019-06-30T16:00:00
INTU,2018/11/19,0.15,0.113,32.74336283,2019-03-30T16:00:00,2019-06-30T16:00:00
CSCO,2018/11/14,0.75,0.717,4.60251046,2019-03-30T16:00:00,2019-06-30T16:00:00
CAH,2018/11/8,1.29,1.079,19.55514365,2019-03-30T16:00:00,2019-06-30T16:00:00
NWSA,2018/11/7,0.17,0.046,269.5652174,2019-03-30T16:00:00,2019-06-30T16:00:00
COTY,2018/11/7,0.11,0.075,46.66666667,2019-03-30T16:00:00,2019-06-30T16:00:00
JKHY,2018/11/6,1.1,0.933,17.89924973,2019-03-30T16:00:00,2019-06-30T16:00:00
BR,2018/11/6,0.79,0.676,16.86390533,2019-03-30T16:00:00,2019-06-30T16:00:00
SYY,2018/11/5,0.91,0.917,-0.763358779,2019-03-30T16:00:00,2019-06-30T16:00:00
STX,2018/11/2,1.7,1.543,10.1749838,2019-03-30T16:00:00,2019-06-30T16:00:00
PH,2018/11/1,2.84,2.53,12.25296443,2019-03-30T16:00:00,2019-06-30T16:00:00
ADP,2018/10/31,1.2,1.111,8.01080108,2019-03-30T16:00:00,2019-06-30T16:00:00
EL,2018/10/31,1.41,1.224,15.19607843,2019-03-30T16:00:00,2019-06-30T16:00:00
CLX,2018/10/31,1.62,1.581,2.466793169,2019-03-30T16:00:00,2019-06-30T16:00:00
MXIM,2018/10/30,0.75,0.751,-0.133155792,2019-03-30T16:00:00,2019-06-30T16:00:00
TPR,2018/10/30,0.48,0.45,6.666666667,2019-03-30T16:00:00,2019-06-30T16:00:00
KLAC,2018/10/29,2.46,2.212,11.21157324,2019-03-30T16:00:00,2019-06-30T16:00:00
WDC,2018/10/25,3.04,3.053,-0.425810678,2019-03-30T16:00:00,2019-06-30T16:00:00
RMD,2018/10/25,0.81,0.79,2.53164557,2019-03-30T16:00:00,2019-06-30T16:00:00
MSFT,2018/10/24,1.14,0.962,18.5031185,2019-03-30T16:00:00,2019-06-30T16:00:00
PG,2018/10/19,1.12,1.081,3.607770583,2019-03-30T16:00:00,2019-06-30T16:00:00
LRCX,2018/10/16,3.36,3.216,4.47761194,2019-03-30T16:00:00,2019-06-30T16:00:00
LHX,2018/10/15,1.78,2.039,-12.70230505,2019-03-30T16:00:00,2019-06-30T16:00:00
PAYX,2018/10/2,0.67,0.66,1.515151515,2019-03-30T16:00:00,2019-06-30T16:00:00
LW,2018/10/2,0.73,0.681,7.195301028,2019-03-30T16:00:00,2019-06-30T16:00:00
CAG,2018/9/27,0.47,0.488,-3.68852459,2019-03-30T16:00:00,2019-06-30T16:00:00
NKE,2018/9/25,0.67,0.627,6.858054226,2019-03-30T16:00:00,2019-06-30T16:00:00
CTAS,2018/9/25,1.93,1.795,7.520891365,2019-03-30T16:00:00,2019-06-30T16:00:00
DRI,2018/9/20,1.34,1.235,8.502024291,2019-03-30T16:00:00,2019-06-30T16:00:00
GIS,2018/9/18,0.71,0.638,11.28526646,2019-03-30T16:00:00,2019-06-30T16:00:00
FDX,2018/9/17,3.46,3.803,-9.019195372,2019-03-30T16:00:00,2019-06-30T16:00:00
ORCL,2018/9/17,0.71,0.684,3.801169591,2019-03-30T16:00:00,2019-06-30T16:00:00
BF/B,2018/8/29,0.41,0.394,4.060913706,2019-03-30T16:00:00,2019-06-30T16:00:00
HRB,2018/8/28,-0.72,-0.782,-7.928388747,2019-03-30T16:00:00,2019-06-30T16:00:00
SJM,2018/8/21,1.78,1.757,1.309049516,2019-03-30T16:00:00,2019-06-30T16:00:00
MDT,2018/8/21,1.17,1.112,5.215827338,2019-03-30T16:00:00,2019-06-30T16:00:00
NTAP,2018/8/15,1.04,0.801,29.83770287,2019-03-30T16:00:00,2019-06-30T16:00:00
MCHP,2018/8/9,1.61,1.487,8.271687962,2019-03-30T16:00:00,2019-06-30T16:00:00
CPRI,2018/8/8,1.32,0.945,39.68253968,2019-03-30T16:00:00,2019-06-30T16:00:00
DXC,2018/8/7,1.93,1.728,11.68981481,2019-03-30T16:00:00,2019-06-30T16:00:00
TTWO,2018/8/2,0.12,0.039,207.6923077,2019-03-30T16:00:00,2019-06-30T16:00:00
NLOK,2018/8/2,0.34,0.329,3.343465046,2019-03-30T16:00:00,2019-06-30T16:00:00
QRVO,2018/8/1,0.96,0.763,25.81913499,2019-03-30T16:00:00,2019-06-30T16:00:00
RL,2018/7/31,1.54,1.364,12.90322581,2019-03-30T16:00:00,2019-06-30T16:00:00
EA,2018/7/26,0.15,0.064,134.375,2019-03-30T16:00:00,2019-06-30T16:00:00
ABMD,2018/7/26,0.78,0.878,-11.16173121,2019-03-30T16:00:00,2019-06-30T16:00:00
MCK,2018/7/26,2.9,2.861,1.363159734,2019-03-30T16:00:00,2019-06-30T16:00:00
XLNX,2018/7/25,0.74,0.732,1.092896175,2019-03-30T16:00:00,2019-06-30T16:00:00
VFC,2018/7/20,0.43,0.334,28.74251497,2019-03-30T16:00:00,2019-06-30T16:00:00
STZ,2018/6/29,2.2,2.432,-9.539473684,2019-03-30T16:00:00,2019-06-30T16:00:00
KMX,2018/6/22,1.33,1.238,7.431340872,2019-03-30T16:00:00,2019-06-30T16:00:00
KR,2018/6/21,0.73,0.633,15.32385466,2019-03-30T16:00:00,2019-06-30T16:00:00
ULTA,2018/5/31,2.7,2.48,8.870967742,2019-03-30T16:00:00,2019-06-30T16:00:00
DLTR,2018/5/31,1.19,1.242,-4.186795491,2019-03-30T16:00:00,2019-06-30T16:00:00
DG,2018/5/31,1.36,1.402,-2.995720399,2019-03-30T16:00:00,2019-06-30T16:00:00
PVH,2018/5/30,2.36,2.249,4.935526901,2019-03-30T16:00:00,2019-06-30T16:00:00
CRM,2018/5/29,0.24,0.454,-47.13656388,2019-03-30T16:00:00,2019-06-30T16:00:00
GPS,2018/5/24,0.42,0.457,-8.096280088,2019-03-30T16:00:00,2019-06-30T16:00:00
ADSK,2018/5/24,-0.31,0.032,-1068.75,2019-03-30T16:00:00,2019-06-30T16:00:00
ROST,2018/5/24,1.11,1.07,3.738317757,2019-03-30T16:00:00,2019-06-30T16:00:00
BBY,2018/5/24,0.82,0.745,10.06711409,2019-03-30T16:00:00,2019-06-30T16:00:00
LB,2018/5/23,0.17,0.153,11.11111111,2019-03-30T16:00:00,2019-06-30T16:00:00
TIF,2018/5/23,1.14,0.835,36.52694611,2019-03-30T16:00:00,2019-06-30T16:00:00
TGT,2018/5/23,1.32,1.386,-4.761904762,2019-03-30T16:00:00,2019-06-30T16:00:00
LOW,2018/5/23,1.19,1.216,-2.138157895,2019-03-30T16:00:00,2019-06-30T16:00:00
TJX,2018/5/22,0.56,0.511,9.589041096,2019-03-30T16:00:00,2019-06-30T16:00:00
KSS,2018/5/22,0.64,0.499,28.25651303,2019-03-30T16:00:00,2019-06-30T16:00:00
JWN,2018/5/17,0.51,0.434,17.51152074,2019-03-30T16:00:00,2019-06-30T16:00:00
WMT,2018/5/17,1.14,1.12,1.785714286,2019-03-30T16:00:00,2019-06-30T16:00:00
M,2018/5/16,0.48,0.366,31.14754098,2019-03-30T16:00:00,2019-06-30T16:00:00
HD,2018/5/15,2.08,2.051,1.413944417,2019-03-30T16:00:00,2019-06-30T16:00:00
NVDA,2018/5/10,2.05,1.656,23.79227053,2019-03-30T16:00:00,2019-06-30T16:00:00
